MATPOWER Index,MATPOWER Generator Name,MATPOWER Type,MATPOWER Fuel,MATPOWER Capacity (MW),EIA Plant Name,POWERWORLD Plant Name,923 Cooling Type,Ramp Rate (MW/hr),Plant Name
49,RANTOUL 2 1,ST,coal,4.53,Rantoul,RANTOUL 2,OC,163.07999999999998,Plant 1
50,RANTOUL 2 2,ST,coal,4.53,Rantoul,RANTOUL 2,OC,163.07999999999998,Plant 1
51,RANTOUL 2 3,ST,coal,4.53,Rantoul,RANTOUL 2,OC,163.07999999999998,Plant 1
52,RANTOUL 2 4,ST,coal,4.53,Rantoul,RANTOUL 2,OC,163.07999999999998,Plant 1
53,RANTOUL 2 5,ST,coal,9.07,Rantoul,RANTOUL 2,OC,326.52,Plant 1
65,PAXTON 1 1,W2,wind,86.5,"Pioneer Trail Wind Farm, LLC",PAXTON 1,No Cooling System,420.0,Plant 2
67,MOUNT ZION 1,ST,coal,4.7,Archer Daniels Midland Decatur,MOUNT ZION,RI,169.2,Plant 3
68,MOUNT ZION 2,ST,coal,27.92,Archer Daniels Midland Decatur,MOUNT ZION,RI,1005.1199999999999,Plant 3
69,MOUNT ZION 3,ST,coal,27.92,Archer Daniels Midland Decatur,MOUNT ZION,RI,1005.1199999999999,Plant 3
70,MOUNT ZION 4,ST,coal,27.92,Archer Daniels Midland Decatur,MOUNT ZION,RI,1005.1199999999999,Plant 3
71,MOUNT ZION 5,ST,coal,27.92,Archer Daniels Midland Decatur,MOUNT ZION,RI,1005.1199999999999,Plant 3
72,MOUNT ZION 6,ST,coal,27.92,Archer Daniels Midland Decatur,MOUNT ZION,RI,1005.1199999999999,Plant 3
73,MOUNT ZION 7,ST,coal,27.92,Archer Daniels Midland Decatur,MOUNT ZION,RI,1005.1199999999999,Plant 3
76,BRIMFIELD 1,GT,ng,4.0,Archer Daniels Midland Decatur,BRIMFIELD,No Cooling System,48.0,Plant 4
77,BRIMFIELD 2,GT,ng,2.4,Archer Daniels Midland Decatur,BRIMFIELD,No Cooling System,28.799999999999997,Plant 4
78,BRIMFIELD 3,GT,ng,18.0,Archer Daniels Midland Decatur,BRIMFIELD,No Cooling System,216.0,Plant 4
79,BRIMFIELD 4,GT,ng,18.0,Archer Daniels Midland Decatur,BRIMFIELD,No Cooling System,216.0,Plant 4
90,CLINTON 3 1,GT,ng,3.2,Clinton LFGTE,CLINTON 3,No Cooling System,38.400000000000006,Plant 5
91,CLINTON 3 2,GT,ng,5.0,Clinton LFGTE,CLINTON 3,No Cooling System,60.0,Plant 5
92,CLINTON 3 3,GT,ng,6.3,Clinton LFGTE,CLINTON 3,No Cooling System,75.6,Plant 5
94,TUSCOLA 2 1,ST,coal,18.0,Tuscola Station,TUSCOLA 2,OC,647.9999999999999,Plant 6
104,ELLSWORTH 1 2,W2,wind,67.6,High Trail Wind Farm LLC,ELLSWORTH 1,No Cooling System,420.0,Plant 7
105,ELLSWORTH 1 3,W2,wind,154.8,High Trail Wind Farm LLC,ELLSWORTH 1,No Cooling System,420.0,Plant 7
114,NORMAL 2 2,W2,wind,1.4,White Oak Energy LLC,NORMAL 2,No Cooling System,420.0,Plant 8
115,NORMAL 2 3,W2,wind,133.5,White Oak Energy LLC,NORMAL 2,No Cooling System,420.0,Plant 8
125,BARTONVILLE 2,ST,coal,130.05,E D Edwards,BARTONVILLE,OC,4681.8,Plant 9
126,BARTONVILLE 3,ST,coal,130.05,E D Edwards,BARTONVILLE,OC,4681.8,Plant 9
127,BARTONVILLE 4,ST,coal,130.05,E D Edwards,BARTONVILLE,OC,4681.8,Plant 9
135,PEKIN 1 2,ST,coal,446.4,Powerton,PEKIN 1,RC,16070.399999999998,Plant 10
136,PEKIN 1 3,ST,coal,446.4,Powerton,PEKIN 1,RC,16070.399999999998,Plant 10
147,HOPEDALE 2 1,W2,wind,92.4,Rail Splitter Wind Farm,HOPEDALE 2,No Cooling System,420.0,Plant 11
151,SPRINGFIELD 5 2,ST,coal,5.4,Dallman,SPRINGFIELD 5,OC,194.4,Plant 12
152,SPRINGFIELD 5 3,ST,coal,77.22,Dallman,SPRINGFIELD 5,OC,2779.92,Plant 12
153,SPRINGFIELD 5 4,ST,coal,77.22,Dallman,SPRINGFIELD 5,OC,2779.92,Plant 12
154,SPRINGFIELD 5 5,ST,coal,77.22,Dallman,SPRINGFIELD 5,OC,2779.92,Plant 12
155,SPRINGFIELD 5 6,ST,coal,77.22,Dallman,SPRINGFIELD 5,OC,2779.92,Plant 12
161,SPRINGFIELD 4 1,GT,ng,138.6,Interstate,SPRINGFIELD 4,RI,1663.1999999999998,Plant 13
164,CHAMPAIGN 1 1,GT,ng,12.0,University of Illinois Abbott Power Plt,CHAMPAIGN 1,No Cooling System,144.00000000000003,Plant 14
165,CHAMPAIGN 1 2,GT,ng,26.0,University of Illinois Abbott Power Plt,CHAMPAIGN 1,No Cooling System,312.0,Plant 14
166,CHAMPAIGN 1 3,GT,ng,9.4,University of Illinois Abbott Power Plt,CHAMPAIGN 1,No Cooling System,112.80000000000001,Plant 14
167,CHAMPAIGN 1 4,GT,ng,9.4,University of Illinois Abbott Power Plt,CHAMPAIGN 1,No Cooling System,112.80000000000001,Plant 14
168,CHAMPAIGN 1 5,GT,ng,9.4,University of Illinois Abbott Power Plt,CHAMPAIGN 1,No Cooling System,112.80000000000001,Plant 14
169,CHAMPAIGN 1 6,GT,ng,9.4,University of Illinois Abbott Power Plt,CHAMPAIGN 1,No Cooling System,112.80000000000001,Plant 14
170,CHAMPAIGN 1 7,GT,ng,9.4,University of Illinois Abbott Power Plt,CHAMPAIGN 1,No Cooling System,112.80000000000001,Plant 14
182,SPRINGFIELD 2 1,ST,coal,17.5,Dallman,SPRINGFIELD 2,OC,630.0,Plant 15
183,SPRINGFIELD 2 2,ST,coal,26.6,Dallman,SPRINGFIELD 2,OC,957.6,Plant 15
189,CLINTON 1 2,NB,nuclear,569.15,Clinton Power Station,CLINTON 1,RC,113.83,Plant 16
196,GIBSON CITY 1 1,GT,ng,67.5,Gibson City Energy Center LLC,GIBSON CITY 1,RI,810.0,Plant 17
197,GIBSON CITY 1 2,GT,ng,67.5,Gibson City Energy Center LLC,GIBSON CITY 1,RI,810.0,Plant 17
